slug,japanese_name,english_name,file,description,reference_features
kappa,河童,Kappa,public/assets/yokai/kappa.png,川辺に立つ親しみやすい河童。,頭の皿・水かき・甲羅・川辺。
tengu,天狗,Tengu,public/assets/yokai/tengu.png,山伏風の装束で羽うちわを持つ天狗。,赤い顔・長い鼻・羽うちわ・山伏風。
oni,鬼,Oni,public/assets/yokai/oni.png,角と金棒を持つ怖すぎない赤鬼。,角・金棒・虎柄の腰巻き。
rokurokubi,ろくろ首,Rokurokubi,public/assets/yokai/rokurokubi.png,首がやわらかく伸びた着物姿の妖怪。,長く伸びる首・人型の着物姿。
nekomata,猫又,Nekomata,public/assets/yokai/nekomata.png,尾が二股に分かれた利発そうな猫。,二股の尾・猫の妖怪。
karakasa-kozo,からかさ小僧,Karakasa-kozo,public/assets/yokai/karakasa-kozo.png,一本足で跳ねる片目の傘妖怪。,片目・一本足・傘の付喪神。
chochin-obake,提灯お化け,Chochin-obake,public/assets/yokai/chochin-obake.png,顔のある丸い提灯の付喪神。,提灯の体・顔・紙と竹骨・内側の灯り。
yuki-onna,雪女,Yuki-onna,public/assets/yokai/yuki-onna.png,静かな雪景色に立つ白い着物の女性。,白い着物・雪景色・静かで美しい印象。
nurikabe,ぬりかべ,Nurikabe,public/assets/yokai/nurikabe.png,道をふさぐ大きな壁の妖怪。,行く手をふさぐ壁・巨大な面・素朴な目鼻。
gashadokuro,がしゃどくろ / 巨大骸骨,Gashadokuro,public/assets/yokai/gashadokuro.png,山の向こうに現れる大きな骸骨。,国芳系の巨大骸骨イメージ・巨大さ・骸骨。
karasu-tengu,烏天狗,Karasu-tengu,public/assets/yokai/karasu-tengu.png,山道に立つからす顔の天狗。,からすのくちばし・黒い羽・山伏風・羽うちわ。
hitotsume-kozo,一つ目小僧,Hitotsume-kozo,public/assets/yokai/hitotsume-kozo.png,大きな一つ目の小さな小僧妖怪。,一つ目・小僧姿・着物・いたずら好きな表情。
zashiki-warashi,座敷童子,Zashiki-warashi,public/assets/yokai/zashiki-warashi.png,座敷に現れるやさしい子どもの妖怪。,子どもの姿・赤い着物・座敷・家に幸せを呼ぶ伝承。
bakeneko,化け猫,Bakeneko,public/assets/yokai/bakeneko.png,古い家にいる賢そうな猫の妖怪。,猫の妖怪・光る目・人に近いしぐさ・古い家。
kitsunebi,狐火,Kitsunebi,public/assets/yokai/kitsunebi.png,夜道にふわりと浮かぶ青白い狐火。,青白い火・狐の気配・夜道・森や社の雰囲気。
bake-danuki,化け狸,Bake-danuki,public/assets/yokai/bake-danuki.png,丸いお腹の親しみやすい狸の妖怪。,狸・変化・葉っぱ・丸い体・山里。
akaname,垢嘗,Akaname,public/assets/yokai/akaname.png,古いお風呂場に出る長い舌の妖怪。,長い舌・小さな体・風呂場・掃除の教訓。
azuki-arai,小豆洗い,Azuki-arai,public/assets/yokai/azuki-arai.png,川辺で小豆を洗う音の妖怪。,小豆・川辺・水音・小さな妖怪。
umibozu,海坊主,Umibozu,public/assets/yokai/umibozu.png,海から大きな頭を出す妖怪。,海面から現れる巨大な影・波・船との対比。
ningyo,人魚,Ningyo,public/assets/yokai/ningyo.png,海辺にたたずむ日本の人魚。,人の上半身・魚の下半身・海辺・神秘的な姿。
wanyudo,輪入道,Wanyudo,public/assets/yokai/wanyudo.png,燃える車輪に顔がある妖怪。,車輪・顔・炎・夜道を転がる姿。
kamaitachi,鎌鼬,Kamaitachi,public/assets/yokai/kamaitachi.png,風とともに走るいたちの妖怪。,いたち・風・鎌のような爪・すばやい動き。
kodama,木霊,Kodama,public/assets/yokai/kodama.png,古い木のそばにいる小さな森の精霊。,古木・森・小さな精霊・木目や葉のモチーフ。
yamanba,山姥,Yamanba,public/assets/yokai/yamanba.png,山奥に立つ知恵深い山姥。,年を重ねた女性・長い髪・山の服装・森の道。
oonyudo,大入道,Oonyudo,public/assets/yokai/oonyudo.png,道の先に大きく現れる坊主姿の妖怪。,巨大な人型・坊主頭・夜道・遠近感。
tsuchigumo,土蜘蛛,Tsuchigumo,public/assets/yokai/tsuchigumo.png,洞穴にいる大きな蜘蛛の妖怪。,蜘蛛・長い脚・糸・物語に出る妖怪。
nue,鵺,Nue,public/assets/yokai/nue.png,いくつもの動物が合わさった夜の妖怪。,猿の顔・狸の体・虎の足・蛇の尾。
hitodama,人魂,Hitodama,public/assets/yokai/hitodama.png,夜に浮かぶ青白い火の玉。,青白い火・空中に浮かぶ・尾を引く光・夜。
tofu-kozo,豆腐小僧,Tofu-kozo,public/assets/yokai/tofu-kozo.png,豆腐を持って歩く小僧の妖怪。,小僧姿・豆腐の盆・雨道・おとなしい表情。
hyakki-yagyo,百鬼夜行,Hyakki Yagyo,public/assets/yokai/hyakki-yagyo.png,たくさんの妖怪が夜に歩くにぎやかな行列。,妖怪の行列・夜・絵巻風・道具や動物の妖怪。
mokumokuren,目目連,Mokumokuren,public/assets/yokai/mokumokuren.png,古い障子にたくさんの目が現れる妖怪。,障子・ふすま・たくさんの目・古い家。
nuppeppo,ぬっぺっぽう,Nuppeppo,public/assets/yokai/nuppeppo.png,丸くやわらかな不思議なかたまりの妖怪。,やわらかい体・形のあいまいさ・夜道。
shiro_uneri,白うねり,Shiro-uneri,public/assets/yokai/shiro_uneri.png,古い白い布がうねうね動く付喪神。,白い古布・うねる動き・付喪神。
fumikuruma_yohi,文車妖妃,Fumikuruma-yohi,public/assets/yokai/fumikuruma_yohi.png,古い手紙や文箱から現れる妖怪。,手紙・文箱・紙片・古い書斎。
koto_furunushi,琴古主,Koto-furunushi,public/assets/yokai/koto_furunushi.png,古い琴が妖怪になった音楽の付喪神。,琴・弦・音・古い屋敷。
kaichigo,貝児,Kaichigo,public/assets/yokai/kaichigo.png,貝の中から顔を出す海辺の小さな妖怪。,貝・浜辺・小さな姿・水辺。
abura_sumashi,油すまし,Abura-sumashi,public/assets/yokai/abura_sumashi.png,石のような顔で山道に立つ妖怪。,石の顔・油・山道・峠。
sunekosuri,すねこすり,Sunekosuri,public/assets/yokai/sunekosuri.png,夜道で足もとにすり寄る小動物のような妖怪。,足もと・小動物・夜道・ふわふわ。
sunakake_baba,砂かけ婆,Sunakake-baba,public/assets/yokai/sunakake_baba.png,道ばたで砂をさらっとかける老婆妖怪。,砂・老婆・道ばた・いたずら。
konaki_jiji,子泣き爺,Konaki-jiji,public/assets/yokai/konaki_jiji.png,山道で泣き声を聞かせる小さなお爺さん妖怪。,山道・泣き声・小さなお爺さん。
betobeto_san,べとべとさん,Betobeto-san,public/assets/yokai/betobeto_san.png,後ろからついてくる足音の気配妖怪。,足音・足あと・夜道・気配。
okuri_inu,送り犬,Okuri-inu,public/assets/yokai/okuri_inu.png,夜の山道で人についてくる犬の妖怪。,犬・山道・夜道・影。
enenra,煙々羅,Enenra,public/assets/yokai/enenra.png,煙の中にふわっと姿を見せる妖怪。,煙・ゆらぎ・囲炉裏・半透明。
ame_onna,雨女,Ame-onna,public/assets/yokai/ame_onna.png,雨の日にしずかに現れる女性の妖怪。,雨・雲・傘・天気。
kamikiri,髪切り,Kamikiri,public/assets/yokai/kamikiri.png,はさみの気配で表した髪にまつわる妖怪。,髪・はさみ・夜の部屋・影。
ittan_momen,一反木綿,Ittan-momen,public/assets/yokai/ittan_momen.png,夜空をひらひら飛ぶ白い布の妖怪。,白い布・空・風・付喪神。
ubume,うぶめ / 産女,Ubume,public/assets/yokai/ubume.png,雨の川辺に立つ霧の中の女性の怪異。,霧・雨・川辺・白い着物。
ushi_oni,牛鬼,Ushi-oni,public/assets/yokai/ushi_oni.png,牛のような頭と大きな体を持つ怪物妖怪。,牛の頭・角・大きな体・海辺。
hyosube,ひょうすべ,Hyosube,public/assets/yokai/hyosube.png,河童に近いとされる水辺の小さな妖怪。,水辺・川・小さな体・河童に近い姿。
daidarabotchi,だいだらぼっち,Daidarabotchi,public/assets/yokai/daidarabotchi.png,山や湖より大きく見えるやさしい巨人。,巨大・山・湖・大きな足あと。
